{"cameraMode":{"drawMode":0,"name":"Shaded","section":"Shading Mode"},"sceneLighting":true,"audioPlay":false,"sceneViewState":{"m_AlwaysRefresh":false,"showFog":true,"showSkybox":true,"showFlares":true,"showImageEffects":true,"showParticleSystems":true,"showVisualEffectGraphs":true,"m_FxEnabled":true},"in2DMode":false,"pivot":{"x":-11.086177825927735,"y":100.85818481445313,"z":11.572208404541016},"rotation":{"x":0.7151690721511841,"y":0.0010285204043611885,"z":-0.0010863960487768055,"w":0.6990303993225098},"size":7.244753360748291,"orthographic":false}